Timestamp,Emotion
Sun Dec 28 16:42:15 2025,Surprise
Mon Dec 29 07:58:03 2025,Happy
Mon Dec 29 07:58:10 2025,Sad
Mon Dec 29 07:58:17 2025,Sad
Mon Dec 29 07:58:24 2025,Sad
Mon Dec 29 07:58:31 2025,Sad
Mon Dec 29 07:58:38 2025,Sad
Mon Dec 29 07:58:45 2025,Sad
Mon Dec 29 07:58:52 2025,Sad
Mon Dec 29 07:58:59 2025,Sad
Mon Dec 29 08:04:28 2025,Happy
Mon Dec 29 08:04:35 2025,Happy
Mon Dec 29 08:04:42 2025,Happy
Mon Dec 29 08:04:49 2025,Happy
Mon Dec 29 08:07:10 2025,Happy
Mon Dec 29 08:07:19 2025,Happy
Mon Dec 29 08:44:12 2025,Neutral
Mon Dec 29 08:44:23 2025,Neutral
Mon Dec 29 08:44:34 2025,Neutral
Mon Dec 29 08:46:10 2025,Happy
Mon Dec 29 08:46:17 2025,Sad
Mon Dec 29 08:46:29 2025,Sad
Mon Dec 29 08:48:29 2025,Happy
Mon Dec 29 08:48:35 2025,Surprise
Mon Dec 29 08:48:43 2025,Sad
Mon Dec 29 08:48:50 2025,Neutral
Mon Dec 29 08:48:56 2025,Sad
Mon Dec 29 08:49:04 2025,Neutral
Mon Dec 29 08:49:10 2025,Sad
Mon Dec 29 08:49:16 2025,Sad
Mon Dec 29 08:49:22 2025,Sad
Mon Dec 29 08:49:28 2025,Happy
Mon Dec 29 21:02:27 2025,Happy
Mon Dec 29 21:03:04 2025,Sad
Mon Dec 29 21:03:18 2025,Sad
Mon Dec 29 21:03:26 2025,Happy
Mon Dec 29 21:03:36 2025,Sad
Tue Dec 30 16:57:59 2025,Disgust
Tue Dec 30 16:58:10 2025,Surprise
Tue Dec 30 16:58:18 2025,Disgust
Tue Dec 30 16:58:25 2025,Sad
Tue Dec 30 16:58:32 2025,Disgust
Tue Dec 30 16:58:42 2025,Sad
Tue Dec 30 16:58:58 2025,Disgust
Tue Dec 30 16:59:12 2025,Surprise
Tue Dec 30 16:59:19 2025,Disgust
Tue Dec 30 16:59:32 2025,Disgust
Tue Dec 30 17:02:44 2025,Disgust
Tue Dec 30 17:02:53 2025,Disgust
Tue Dec 30 17:02:59 2025,Disgust
Tue Dec 30 17:03:06 2025,Disgust
Tue Dec 30 17:03:51 2025,Disgust
Tue Dec 30 17:03:59 2025,Disgust
Tue Dec 30 17:04:05 2025,Disgust
Tue Dec 30 17:04:12 2025,Sad
Tue Dec 30 17:04:19 2025,Happy
Tue Dec 30 17:04:25 2025,Disgust
Tue Dec 30 17:04:32 2025,Disgust
Tue Dec 30 17:04:38 2025,Sad
Tue Dec 30 17:07:13 2025,Angry
Tue Dec 30 17:07:23 2025,Angry
Tue Dec 30 17:07:31 2025,Angry
Tue Dec 30 17:07:41 2025,Sad
Tue Dec 30 17:08:08 2025,Sad
Tue Dec 30 17:08:16 2025,Surprise
Tue Dec 30 17:08:22 2025,Happy
Tue Dec 30 17:08:28 2025,Sad
Tue Dec 30 17:15:30 2025,Angry
Tue Dec 30 17:15:39 2025,Angry
Tue Dec 30 17:15:48 2025,Angry
Tue Dec 30 17:15:54 2025,Angry
Tue Dec 30 17:16:01 2025,Angry
Tue Dec 30 17:16:08 2025,Angry
Tue Dec 30 20:15:24 2025,Surprise
Tue Dec 30 20:15:37 2025,Happy
Tue Dec 30 20:15:44 2025,Angry
Tue Dec 30 20:15:51 2025,Disgust
Tue Dec 30 20:15:58 2025,Angry
Tue Dec 30 20:16:06 2025,Angry
Tue Dec 30 20:16:12 2025,Sad
